"Data Source","World Development Indicators",

"Last Updated Date","2019-01-30",

"Country Name","Country Code","Indicator Name","Indicator Code","1960","1961","1962","1963","1964","1965","1966","1967","1968","1969","1970","1971","1972","1973","1974","1975","1976","1977","1978","1979","1980","1981","1982","1983","1984","1985","1986","1987","1988","1989","1990","1991","1992","1993","1994","1995","1996","1997","1998","1999","2000","2001","2002","2003","2004","2005","2006","2007","2008","2009","2010","2011","2012","2013","2014","2015","2016","2017","2018",
"Aruba","ABW","Literacy rate, adult total (% of people ages 15 and above)","SE.ADT.LITR.ZS","","","","","","","","","","","","","","","","","","","","","","","","","","","","","","","","","","","","","","","","","97.29125","","","","","","","","","","96.82264","","","","","","","","",
"Afghanistan","AFG","Literacy rate, adult total (% of people ages 15 and above)","SE.ADT.LITR.ZS","","","","","","","","","","","","","","","","","","","","18.15768","","","","","","","","","","","","","","","","","","","","","","","","","","","","","","","","31.74112","","","","","","","",
"Angola","AGO","Literacy rate, adult total (% of people ages 15 and above)","SE.ADT.LITR.ZS","","","","","","","","","","","","","","","","","","","","","","","","","","","","","","","","","","","","","","","","","","67.40542","","","","","","","","","","","","","66.0301099999999","","","","",
"Albania","ALB","Literacy rate, adult total (% of people ages 15 and above)","SE.ADT.LITR.ZS","","","","","","","","","","","","","","","","","","","","","","","","","","","","","","","","","","","","","","","","","","98.71298","","","","","","","95.93864","","","96.8453","97.24697","","","","","","",
"Andorra","AND","Literacy rate, adult total (% of people ages 15 and above)","SE.ADT.LITR.ZS","","","","","","","","","","","","","","","","","","","","","","","","","","","","","","","","","","","","","","","","","","","","","","","","","","","","","","","","","","","",
"Arab World","ARB","Literacy rate, adult total (% of people ages 15 and above)","SE.ADT.LITR.ZS","","","","","","","","","","","","","","","","","","","45.9264","46.39663","46.94396","47.52019","48.16667","48.36862","49.19871","50.04015","51.05814","51.56526","52.53544","53.41984","54.36569","55.44517","56.34638","57.06204","57.8799","58.8336","60.35684","61.03267","62.21463","63.24747","64.12604","65.35204","66.50626","69.14341","70.10079","70.69717","68.56241","69.06261","70.00262","68.66351","69.63679","71.37224","72.48431","72.74568","73.32167","73.74158","74.15789","","",
"United Arab Emirates","ARE","Literacy rate, adult total (% of people ages 15 and above)","SE.ADT.LITR.ZS","","","","","","","","","","","","","","","","53.51488","","","","","","","","","","71.2353","","","","","","","","","","","","","","","","","","","","90.03385","","","","","","","","","","","","","",
"Argentina","ARG","Literacy rate, adult total (% of people ages 15 and above)","SE.ADT.LITR.ZS","","","","","","","","","","","","","","","","","","","","","93.91286","","","","","","","","","","","96.1282","","","","","","","","","","97.19331","","","","","98.6108","","","98.98342","98.95497","99.10833","99.10523","99.12195","98.9938899999999","99.1799599999999","99.12501","","",
"Armenia","ARM","Literacy rate, adult total (% of people ages 15 and above)","SE.ADT.LITR.ZS","","","","","","","","","","","","","","","","","","","","","","","","","","","","","","98.75196","","","","","","","","","","","","99.40016","","","","","","","","","","99.74441","","","","","","","",
"American Samoa","ASM","Literacy rate, adult total (% of people ages 15 and above)","SE.ADT.LITR.ZS","","","","","","","","","","","","","","","","","","","","","97.34416","","","","","","","","","","","","","","","","","","","","","","","","","","","","","","","","","","","","","","",
"Antigua and Barbuda","ATG","Literacy rate, adult total (% of people ages 15 and above)","SE.ADT.LITR.ZS","","","","","","","","","","","","","","","","","","","","","","","","","","","","","","","","","","","","","","","","","","98.95","","","","","","","","","","","","","","98.95","","","",
"Australia","AUS","Literacy rate, adult total (% of people ages 15 and above)","SE.ADT.LITR.ZS","","","","","","","","","","","","","","","","","","","","","","","","","","","","","","","","","","","","","","","","","","","","","","","","","","","","","","","","","","","",
"Austria","AUT","Literacy rate, adult total (% of people ages 15 and above)","SE.ADT.LITR.ZS","","","","","","","","","","","","","","","","","","","","","","","","","","","","","","","","","","","","","","","","","","","","","","","","","","","","","","","","","","","",
"Azerbaijan","AZE","Literacy rate, adult total (% of people ages 15 and above)","SE.ADT.LITR.ZS","","","","","","","","","","","","","","","","","","","","","","","","","","","","","","","","","","","","","","","","98.7918","","","","","","","","99.60191","","99.75984","99.77114","99.77863","99.7757699999999","99.78936","99.78899","99.78806","99.79006","","",
"Burundi","BDI","Literacy rate, adult total (% of people ages 15 and above)","SE.ADT.LITR.ZS","","","","","","","","","","","","","","","","","","","","22.50855","","","","","","","","","","","37.38472","","","","","","","","","","59.30362","","","","","","","","48.08406","","","","","","61.56973","","","","",
"Belgium","BEL","Literacy rate, adult total (% of people ages 15 and above)","SE.ADT.LITR.ZS","","","","","","","","","","","","","","","","","","","","","","","","","","","","","","","","","","","","","","","","","","","","","","","","","","","","","","","","","","","",
"Benin","BEN","Literacy rate, adult total (% of people ages 15 and above)","SE.ADT.LITR.ZS","","","","","","","","","","","","","","","","","","","","16.48279","","","","","","","","","","","","","27.24525","","","","","","","","","","34.65785","","","","28.70211","","","","","","32.94882","","","","","","",
"Burkina Faso","BFA","Literacy rate, adult total (% of people ages 15 and above)","SE.ADT.LITR.ZS","","","","","","","","","","","","","","","","8.68515","","","","","","","","","","","","","","","","13.56923","","","","","12.84817","","","","","","","21.82292","","23.55372","22.47258","28.72921","","","","","","","34.5994","","","","",
"Bangladesh","BGD","Literacy rate, adult total (% of people ages 15 and above)","SE.ADT.LITR.ZS","","","","","","","","","","","","","","","","","","","","","","29.22723","","","","","","","","","","35.3193","","","","","","","","","","47.4855","","","","","","46.6636","","","","47.07731","57.86075","61.01554","61.0933","65.13733","72.75872","72.89297","",
"Bulgaria","BGR","Literacy rate, adult total (% of people ages 15 and above)","SE.ADT.LITR.ZS","","","","","","","","","","","","","","","","","","","","","","","","","","","","","","","","","","","","","","","","","","98.20356","","","","","","","","","","98.35245","","","","","","","",
"Bahrain","BHR","Literacy rate, adult total (% of people ages 15 and above)","SE.ADT.LITR.ZS","","","","","","","","","","","","","","","","","","","","","","69.75351","","","","","","","","","","84.01383","","","","","","","","","","86.54874","","","","","","","","","","","","","","","","","",
"Bahamas, The","BHS","Literacy rate, adult total (% of people ages 15 and above)","SE.ADT.LITR.ZS","","","","","","","","","","","","","","","","","","","","","","","","","","","","","","","","","","","","","","","","","","","","","","","","","","","","","","","","","","","",
"Bosnia and Herzegovina","BIH","Literacy rate, adult total (% of people ages 15 and above)","SE.ADT.LITR.ZS","","","","","","","","","","","","","","","","","","","","","","","","","","","","","","","","89.06359","","","","","","","","","96.6631","","","","","","","","","","","98.1420399999999","","96.99177","","","","","",
"Belarus","BLR","Literacy rate, adult total (% of people ages 15 and above)","SE.ADT.LITR.ZS","","","","","","","","","","","","","","","","","","","","","","","","","","","","","","97.88337","","","","","","","","","","99.5907299999999","","","","","","","","","","99.61706","","","","","","","","","",
"Belize","BLZ","Literacy rate, adult total (% of people ages 15 and above)","SE.ADT.LITR.ZS","","","","","","","","","","","","","","","","","","","","","","","","","","","","","","","","70.2984199999999","","","","","","","","","","","","","","","","","","","","","","","","","","","",
"Bermuda","BMU","Literacy rate, adult total (% of people ages 15 and above)","SE.ADT.LITR.ZS","","","","","","","","","","","","","","","","","","","","","","","","","","","","","","","","","","","","","","","","","","","","","","","","","","","","","","","","","","","",
"Bolivia","BOL","Literacy rate, adult total (% of people ages 15 and above)","SE.ADT.LITR.ZS","","","","","","","","","","","","","","","","","63.20815","","","","","","","","","","","","","","","","79.99177","","","","","","","","","86.72367","","","","","","90.74347","90.69811","91.16783","","92.22615","94.46057","","","92.45508","","","",
"Brazil","BRA","Literacy rate, adult total (% of people ages 15 and above)","SE.ADT.LITR.ZS","","","","","","","","","","","","","","","","","","","","","74.58673","","","","","","","","","","","","","","","","","","","","86.36788","","","","88.61624","","89.61523","90.00937","90.03662","90.29821","90.37918","91.41124","91.33785","91.48424","91.7294299999999","92.0479","","","",
"Barbados","BRB","Literacy rate, adult total (% of people ages 15 and above)","SE.ADT.LITR.ZS","","","","","","","","","","","99.26808","","","","","","","","","","","","","","99.5999999999999","","","","","","","","","","99.5999999999999","","","","","","","","","","99.5999999999999","","","","","","","","","","99.5999999999999","","","","",
"Brunei Darussalam","BRN","Literacy rate, adult total (% of people ages 15 and above)","SE.ADT.LITR.ZS","","","","","","","","","","","","","","","","","","","","","","77.7355","","","","","","","","","","87.80418","","","","","","","","","","92.67113","","","","","","","","","","96.08556","","","","","","","",
"Bhutan","BTN","Literacy rate, adult total (% of people ages 15 and above)","SE.ADT.LITR.ZS","","","","","","","","","","","","","","","","","","","","","","","","","","","","","","","","","","","","","","","","","","","","","","52.81469","","","","","","","57.0336","","","","","","",
"Botswana","BWA","Literacy rate, adult total (% of people ages 15 and above)","SE.ADT.LITR.ZS","","","","","","","","","","","","","","","","","","","","","","","","","","","","","","","","68.58091","","","","","","","","","","","","81.18871","","","","","","","","","","","87.7","","","","",
"Central African Republic","CAF","Literacy rate, adult total (% of people ages 15 and above)","SE.ADT.LITR.ZS","","","","","","","","","","","","","","","","18.23617","","","","","","","","","","","","","33.62442","","","","","","","","","","","","50.64517","","","","","","","","","","36.75261","","","","","","","","",
"Canada","CAN","Literacy rate, adult total (% of people ages 15 and above)","SE.ADT.LITR.ZS","","","","","","","","","","","","","","","","","","","","","","","","","","","","","","","","","","","","","","","","","","","","","","","","","","","","","","","","","","","",
"Central Europe and the Baltics","CEB","Literacy rate, adult total (% of people ages 15 and above)","SE.ADT.LITR.ZS","","","","","","","","","","","","","","","","","","","","","","","98.00689","98.02631","98.05827","98.0856","98.10734","98.13963","98.2082","98.2721","98.33477","98.38094","98.43246","98.47438","","","","","","","","","","","","","","","","","","","","","","","","","",
"Switzerland","CHE","Literacy rate, adult total (% of people ages 15 and above)","SE.ADT.LITR.ZS","","","","","","","","","","","","","","","","","","","","","","","","","","","","","","","","","","","","","","","","","","","","","","","","","","","","","","","","","","","",
"Channel Islands","CHI","Literacy rate, adult total (% of people ages 15 and above)","SE.ADT.LITR.ZS","","","","","","","","","","","","","","","","","","","","","","","","","","","","","","","","","","","","","","","","","","","","","","","","","","","","","","","","","","","",
"Chile","CHL","Literacy rate, adult total (% of people ages 15 and above)","SE.ADT.LITR.ZS","","","","","","","","","","","","","","","","","","","","","","","91.1284","","","","","","","","","","94.29114","","","","","","","","","","95.71662","","","","","","98.64901","98.55368","","96.70301","","96.26706","","96.8741299999999","","","",
"China","CHN","Literacy rate, adult total (% of people ages 15 and above)","SE.ADT.LITR.ZS","","","","","","","","","","","","","","","","","","","","","","","65.50509","","","","","","","","77.78506","","","","","","","","","","90.92021","","","","","","","","","","95.12448","","","","","","","","",
"Cote d'Ivoire","CIV","Literacy rate, adult total (% of people ages 15 and above)","SE.ADT.LITR.ZS","","","","","","","","","","","","","","","","","","","","","","","","","","","","","34.13928","","","","","","","","","","36.35024","","48.74076","","","","","","","","","","","","40.98163","","43.90842","","","","",
"Cameroon","CMR","Literacy rate, adult total (% of people ages 15 and above)","SE.ADT.LITR.ZS","","","","","","","","","","","","","","","","","41.21621","","","","","","","","","","","","","","","","","","","","","","","","68.40916","","","","","","","70.67994","","","71.29051","","","","","","","","",
"Congo, Dem. Rep.","COD","Literacy rate, adult total (% of people ages 15 and above)","SE.ADT.LITR.ZS","","","","","","","","","","","","","","","","","","","","","","","","","","","","","","","","","","","","","","","","","","67.17299","","","","","","61.20555","","","","","75.01719","","","","77.04268","","",
"Congo, Rep.","COG","Literacy rate, adult total (% of people ages 15 and above)","SE.ADT.LITR.ZS","","","","","","","","","","","","","","","","","","","","","","","","","","","","","","","","","","","","","","","","","","","","","","","","","","","","79.31117","","","","","","","",
"Colombia","COL","Literacy rate, adult total (% of people ages 15 and above)","SE.ADT.LITR.ZS","","","","","","","","","","","","","","","","","","","","","","","","","","","","","","","","","","91.06309","","","91.20716","","","","","","","","92.80378","92.84866","92.29968","92.65179","93.37818","93.24469","93.37233","93.58053","","","94.18625","94.24505","94.65385","","",
"Comoros","COM","Literacy rate, adult total (% of people ages 15 and above)","SE.ADT.LITR.ZS","","","","","","","","","","","","","","","","","","","","","47.91923","","","","","","","","","","","","","","","","","","","","68.48923","","","","","","","","","","","","49.19614","","","","","","",
"Cabo Verde","CPV","Literacy rate, adult total (% of people ages 15 and above)","SE.ADT.LITR.ZS","","","","","","","","","","","","","","","","","","","","","","","","","","","","","","","62.79686","","","","","","","","","","","","","","81","","","","","","","","85.3277899999999","","","86.79029","","","",
"Costa Rica","CRI","Literacy rate, adult total (% of people ages 15 and above)","SE.ADT.LITR.ZS","","","","","","","","","","","","","","","","","","","","","","","","","92.62904","","","","","","","","","","","","","","","","94.86819","","","","","","","","","","","97.40658","","","","","","","",
"Caribbean small states","CSS","Literacy rate, adult total (% of people ages 15 and above)","SE.ADT.LITR.ZS","","","","","","","","","","","","","","","","","","","","","","","","","","","","","","","","","","86.77129","86.8153","87.08187","87.32161","87.56225","87.80577","87.50032","88.32033","88.58603","88.83248","89.07212","89.3109","89.55313","89.76627","90.29448","90.51049","90.71516","","","","","","","","","",
"Cuba","CUB","Literacy rate, adult total (% of people ages 15 and above)","SE.ADT.LITR.ZS","","","","","","","","","","","","","","","","","","","","","","97.84665","","","","","","","","","","","","","","","","","","","","","99.79907","","","","","","","","","","99.7525299999999","","","","","","",
"Curacao","CUW","Literacy rate, adult total (% of people ages 15 and above)","SE.ADT.LITR.ZS","","","","","","","","","","","","","","","","","","","","","","","","","","","","","","","","","","","","","","","","","","","","","","","","","","","","","","","","","","","",
"Cayman Islands","CYM","Literacy rate, adult total (% of people ages 15 and above)","SE.ADT.LITR.ZS","","","","","","","","","","","","","","","","","","","","","","","","","","","","","","","","","","","","","","","","","","","","","","","","98.86782","","","","","","","","","","","",
"Cyprus","CYP","Literacy rate, adult total (% of people ages 15 and above)","SE.ADT.LITR.ZS","","","","","","","","","","","","","","","","","","","","","","","","","","","","","","","","","94.36247","","","","","","","","","96.80363","","","","","","","","","","98.67843","","","","","","","",
"Czech Republic","CZE","Literacy rate, adult total (% of people ages 15 and above)","SE.ADT.LITR.ZS","","","","","","","","","","","","","","","","","","","","","","","","","","","","","","","","","","","","","","","","","","","","","","","","","","","","","","","","","","","",
"Germany","DEU","Literacy rate, adult total (% of people ages 15 and above)","SE.ADT.LITR.ZS","","","","","","","","","","","","","","","","","","","","","","","","","","","","","","","","","","","","","","","","","","","","","","","","","","","","","","","","","","","",
"Djibouti","DJI","Literacy rate, adult total (% of people ages 15 and above)","SE.ADT.LITR.ZS","","","","","","","","","","","","","","","","","","","","","","","","","","","","","","","","","","","","","","","","","","","","","","","","","","","","","","","","","","","",
"Dominica","DMA","Literacy rate, adult total (% of people ages 15 and above)","SE.ADT.LITR.ZS","","","","","","","","","","","","","","","","","","","","","","","","","","","","","","","","","","","","","","","","","","","","","","","","","","","","","","","","","","","",
"Denmark","DNK","Literacy rate, adult total (% of people ages 15 and above)","SE.ADT.LITR.ZS","","","","","","","","","","","","","","","","","","","","","","","","","","","","","","","","","","","","","","","","","","","","","","","","","","","","","","","","","","","",
"Dominican Republic","DOM","Literacy rate, adult total (% of people ages 15 and above)","SE.ADT.LITR.ZS","","","","","","","","","","","","","","","","","","","","","","73.06457","","","","","","","","","","","","","","","","","","","","","86.99647","","","","","88.24446","","","89.53873","90.10638","90.15518","90.85815","91.76376","91.99121","93.77846","","",
"Algeria","DZA","Literacy rate, adult total (% of people ages 15 and above)","SE.ADT.LITR.ZS","","","","","","","","","","","","","","","","","","","","","","","","","","","","49.63088","","","","","","","","","","","","","","","69.8735","","","","72.64868","","75.13605","","","","","","","","","","",
"East Asia & Pacific (excluding high income)","EAP","Literacy rate, adult total (% of people ages 15 and above)","SE.ADT.LITR.ZS","","","","","","","","","","","","","","","","","64.01993","64.1843","65.30334","66.46397","66.97471","68.67846","69.34541","70.84641","71.89396","72.89674","73.82719","75.07429","79.37541","80.06918","79.79885","81.22664","81.72661","82.1846","82.72142","83.25121","83.78144","89.40332","89.77128","90.10101","90.57497","90.85471","91.22521","91.58946","92.1301","92.49397","92.91788","93.9971","94.23727","94.53922","94.62366","94.45929","94.68354","94.77481","95.12328","95.2526","95.37519","","",
"Early-demographic dividend","EAR","Literacy rate, adult total (% of people ages 15 and above)","SE.ADT.LITR.ZS","","","","","","","","","","","","","","","","48.81366","49.05571","49.69234","50.32672","50.93276","51.00415","51.82427","52.76275","53.3785","54.16983","54.82246","55.46878","56.35444","57.10424","57.79252","58.67016","59.18952","60.19956","60.98883","61.79185","62.58469","63.31489","63.97211","66.9927","67.60191","68.26212","68.71656","69.37874","70.41303","71.18626","71.08765","71.24246","72.14902","73.14989","73.97933","75.2004","74.69032","76.49464","76.9538","77.6761","78.1656","78.68024","","",
"East Asia & Pacific","EAS","Literacy rate, adult total (% of people ages 15 and above)","SE.ADT.LITR.ZS","","","","","","","","","","","","","","","","","68.77466","68.87067","69.78968","70.74184","71.12901","72.55735","73.08464","74.33903","75.20576","76.04138","76.82092","77.88814","81.63784","82.22966","82.00383","83.25179","83.67971","84.06937","84.53053","84.99768","85.45928","90.4183","90.74679","91.04059","91.46029","91.70931","92.03837","92.36223","92.84659","93.16707","93.54266","94.50484","94.71875","94.98859","95.06498","94.91905","95.12052","95.2035","95.51643","95.63301","95.74399","","",
"Europe & Central Asia (excluding high income)","ECA","Literacy rate, adult total (% of people ages 15 and above)","SE.ADT.LITR.ZS","","","","","","","","","","","","","","","","","","","","","","","","94.12606","94.78561","94.96654","95.0232","95.14988","95.28923","95.3741","95.58887","95.63856","95.76532","95.88623","96.00478","96.12787","96.30593","96.41598","96.73808","96.79916","96.91603","96.99275","97.07689","97.14916","97.29369","97.49521","97.45829","97.55205","97.573","98.08223","98.38273","98.62805","98.75351","98.79772","98.82647","98.85536","98.92272","","",
"Europe & Central Asia","ECS","Literacy rate, adult total (% of people ages 15 and above)","SE.ADT.LITR.ZS","","","","","","","","","","","","","","","","","","","","","","","","","","","","96.50375","96.70758","96.76774","96.894","96.93921","97.01623","97.09146","97.16499","97.27277","97.40359","97.50205","97.70623","97.78225","97.88235","97.96304","98.02866","98.10574","98.19539","98.27818","98.30433","98.33823","98.35742","98.56719","98.71305","98.87012","98.94292","98.98037","99.00192","99.02565","99.06869","","",
"Ecuador","ECU","Literacy rate, adult total (% of people ages 15 and above)","SE.ADT.LITR.ZS","","","","","","","","","","","","","","","","","","","","","","","83.55269","","","","","","","","88.29876","","","","","","","","","","","90.98403","","","","","","92.09679","92.39005","92.24976","91.85404","91.5869","92.06473","93.29463","94.22264","94.45566","94.35023","","",
"Egypt, Arab Rep.","EGY","Literacy rate, adult total (% of people ages 15 and above)","SE.ADT.LITR.ZS","","","","","","","","","","","","","","","","","38.19676","","","","","","","","","","44.42399","","","","","","","","","","55.587","","","","","","","","","71.40886","66.36991","","","","72.04785","","73.86559","75.06073","","","","80.80481","",
"Euro area","EMU","Literacy rate, adult total (% of people ages 15 and above)","SE.ADT.LITR.ZS","","","","","","","","","","","","","","","","","","","","","","","","","","","","","97.2506","97.31565","97.37944","97.44066","97.49543","97.55447","97.61132","97.72449","97.83815","97.94287","98.07697","98.17881","98.2806","98.37608","98.42798","98.52063","98.56268","98.54646","98.6545","98.63316","98.6521","98.61392","98.64773","98.77452","98.81927","98.86477","98.8867","98.91283","98.94653","","",
"Eritrea","ERI","Literacy rate, adult total (% of people ages 15 and above)","SE.ADT.LITR.ZS","","","","","","","","","","","","","","","","","","","","","","","","","","","","","","","","","","","","","","","","","","","52.51395","","","","","","64.66297","","","","","","","","","","",
"Spain","ESP","Literacy rate, adult total (% of people ages 15 and above)","SE.ADT.LITR.ZS","","","","","","","","","","","","","","","","","","","","","","92.80977","","","","","","","","","","96.49497","","","","","","","","","","","","","97.16512","97.75069","","97.93884","97.63061","97.67927","97.7489","97.78375","97.89454","98.07913","98.09372","98.14326","98.25051","","",
"Estonia","EST","Literacy rate, adult total (% of people ages 15 and above)","SE.ADT.LITR.ZS","","","","","","","","","","","","","","","","","","","","","","","","","","","","","","99.72644","","","","","","","","","","","99.7672","","","","","","","","","","","99.88579","","","","","","","",
"Ethiopia","ETH","Literacy rate, adult total (% of people ages 15 and above)","SE.ADT.LITR.ZS","","","","","","","","","","","","","","","","","","","","","","","","","","","","","","","","","","","27.01136","","","","","","","","","","35.9","29.82034","","38.99598","","","","","","","","","","","",
"European Union","EUU","Literacy rate, adult total (% of people ages 15 and above)","SE.ADT.LITR.ZS","","","","","","","","","","","","","","","","","","","","","","","","","","","","","97.68678","97.7411","97.79302","97.84146","","97.9316","97.97699","98.07452","98.17098","98.26261","98.3763","98.44225","98.53034","98.61364","98.66837","98.74722","98.79398","98.78767","98.86331","98.8532","98.87294","98.88927","98.91522","99.00245","99.03498","99.06807","99.08536","99.10534","99.12999","","",
"Fragile and conflict affected situations","FCS","Literacy rate, adult total (% of people ages 15 and above)","SE.ADT.LITR.ZS","","","","","","","","","","","","","","","","","","","","","","","","","","","","56.03445","56.52131","56.69969","57.11448","57.48915","57.90137","58.11633","59.05419","59.55121","60.05709","60.85283","61.71507","62.20517","63.02628","63.82038","64.15433","64.30351","64.60603","64.79391","62.87312","62.93235","62.54976","60.69243","60.99425","60.3371","60.79125","60.52207","61.32968","61.68165","61.95271","","",
"Finland","FIN","Literacy rate, adult total (% of people ages 15 and above)","SE.ADT.LITR.ZS","","","","","","","","","","","","","","","","","","","","","","","","","","","","","","","","","","","","","","","","","","","","","","","","","","","","","","","","","","","",
"Fiji","FJI","Literacy rate, adult total (% of people ages 15 and above)","SE.ADT.LITR.ZS","","","","","","","","","","","","","","","","","","","","","","","","","","","","","","","","","","","","","","","","","","","","","","","","","","","","","","","","","","","",
"France","FRA","Literacy rate, adult total (% of people ages 15 and above)","SE.ADT.LITR.ZS","","","","","","","","","","","","","","","","","","","","","","","","","","","","","","","","","","","","","","","","","","","","","","","","","","","","","","","","","","","",
"Faroe Islands","FRO","Literacy rate, adult total (% of people ages 15 and above)","SE.ADT.LITR.ZS","","","","","","","","","","","","","","","","","","","","","","","","","","","","","","","","","","","","","","","","","","","","","","","","","","","","","","","","","","","",
"Micronesia, Fed. Sts.","FSM","Literacy rate, adult total (% of people ages 15 and above)","SE.ADT.LITR.ZS","","","","","","","","","","","","","","","","","","","","","","","","","","","","","","","","","","","","","","","","","","","","","","","","","","","","","","","","","","","",
"Gabon","GAB","Literacy rate, adult total (% of people ages 15 and above)","SE.ADT.LITR.ZS","","","","","","","","","","","","","","","","","","","","","","","","","","","","","","","","","","72.23367","","","","","","","","","","","","","","","","","","","82.2838","","","","","","",
"United Kingdom","GBR","Literacy rate, adult total (% of people ages 15 and above)","SE.ADT.LITR.ZS","","","","","","","","","","","","","","","","","","","","","","","","","","","","","","","","","","","","","","","","","","","","","","","","","","","","","","","","","","","",
"Georgia","GEO","Literacy rate, adult total (% of people ages 15 and above)","SE.ADT.LITR.ZS","","","","","","","","","","","","","","","","","","","","","","","","","","","","","","","","","","","","","","","","","","","99.65235","","","","","","","","","","","","99.58619","","","","",
"Ghana","GHA","Literacy rate, adult total (% of people ages 15 and above)","SE.ADT.LITR.ZS","","","","","","","","","","","","","","","","","","","","","","","","","","","","","","","","","","","","","","","","","57.89747","","","","","","","","","","71.4970699999999","","","","","","","","",
"Gibraltar","GIB","Literacy rate, adult total (% of people ages 15 and above)","SE.ADT.LITR.ZS","","","","","","","","","","","","","","","","","","","","","","","","","","","","","","","","","","","","","","","","","","","","","","","","","","","","","","","","","","","",
"Guinea","GIN","Literacy rate, adult total (% of people ages 15 and above)","SE.ADT.LITR.ZS","","","","","","","","","","","","","","","","","","","","","","","","","","","","","","","","","","","","","20.55375","","","","","","","29.70402","","","","","","","25.30774","","","","32.00386","","","","",
"Gambia, The","GMB","Literacy rate, adult total (% of people ages 15 and above)","SE.ADT.LITR.ZS","","","","","","","","","","","","","","","","","","","","","","","","","","","","","","","","","","","","","","","","","36.81773","","","","","","","","","","","","","41.95005","","","","","",
"Guinea-Bissau","GNB","Literacy rate, adult total (% of people ages 15 and above)","SE.ADT.LITR.ZS","","","","","","","","","","","","","","","","","","","","19.95825","","","","","","","","","","","","","","","","","","","","","41.35777","","","","","","","","","","","","","","45.58116","","","","",
"Equatorial Guinea","GNQ","Literacy rate, adult total (% of people ages 15 and above)","SE.ADT.LITR.ZS","","","","","","","","","","","","","","","","","","","","","","","","","","","","","","","","","","","","","","","","","88.3083","","","","","","","","","","","","","","95","","","","",
"Greece","GRC","Literacy rate, adult total (% of people ages 15 and above)","SE.ADT.LITR.ZS","","","","","","","","","","","","","","","","","","","","","","90.51232","","","","","","","","","","92.61045","","","","","","","","","","95.99436","","","","93.04431","","93.93155","","93.9051099999999","","97.36874","","","","","","","",
"Grenada","GRD","Literacy rate, adult total (% of people ages 15 and above)","SE.ADT.LITR.ZS","","","","","","","","","","","97.79447","","","","","","","","","","","","","","98.5999999999999","","","","","","","","","","98.5999999999999","","","","","","","","","","98.5999999999999","","","","","","","","","","98.5999999999999","","","","",
"Greenland","GRL","Literacy rate, adult total (% of people ages 15 and above)","SE.ADT.LITR.ZS","","","","","","","","","","","","","","","","","","","","","","","","","","","","","","","","","","","","","","","","","","","","","","","","","","","","","","","","","","","",
"Guatemala","GTM","Literacy rate, adult total (% of people ages 15 and above)","SE.ADT.LITR.ZS","","","","","","","","","","","","","","","","","","","","","","","","","","","","","","","","","","","64.21164","","","","","","","","69.10173","","","","","","","","","","78.26486","77.03867","81.2859","","","","",
"Guam","GUM","Literacy rate, adult total (% of people ages 15 and above)","SE.ADT.LITR.ZS","","","","","","","","","","","","","","","","","","","","","96.42065","","","","","","","","","","99.36915","","","","","","","","","","","","","","","","","","","","","","","","","","","","",
"Guyana","GUY","Literacy rate, adult total (% of people ages 15 and above)","SE.ADT.LITR.ZS","","","","","","","","","","","","","","","","","","","","","","","","","","","","","","","","","","","","","","","","","","","","","","","","","","84.99401","","","","","85.63973","","","","",
"High income","HIC","Literacy rate, adult total (% of people ages 15 and above)","SE.ADT.LITR.ZS","","","","","","","","","","","","","","","","","","","","","","","","","","","","","","","","","","","","","","","","","","","","","","","","","","","","","","","","","","","",
"Hong Kong SAR, China","HKG","Literacy rate, adult total (% of people ages 15 and above)","SE.ADT.LITR.ZS","","","","","","","","","","","","","","","","","","","","","","","","","","","","","","","","","","","","","","","","","","","","","","","","","","","","","","","","","","","",
"Honduras","HND","Literacy rate, adult total (% of people ages 15 and above)","SE.ADT.LITR.ZS","","","","","","","","","","","","","","","","","","","","","","","","","","","","","","","","","","","","","","","","","","80.01103","","","","","","83.58899","","","84.75536","85.1233","85.3555499999999","85.46442","87.19753","87.90683","88.98748","","",
"Heavily indebted poor countries (HIPC)","HPC","Literacy rate, adult total (% of people ages 15 and above)","SE.ADT.LITR.ZS","","","","","","","","","","","","","","","","","","","","","","","","","","","43.45291","44.06938","44.46545","45.07521","45.66152","45.88881","46.14428","46.52509","47.12167","47.0962","47.58332","48.4216","49.10092","49.92181","50.65659","51.51085","51.99348","52.79801","54.62963","53.84913","52.73906","54.09223","53.55455","54.30983","54.82559","56.89923","58.00544","58.50274","59.41668","59.90456","60.77073","","",
"Croatia","HRV","Literacy rate, adult total (% of people ages 15 and above)","SE.ADT.LITR.ZS","","","","","","","","","","","","","","","","","","","","","","","","","","","","","","","","96.70155","","","","","","","","","","98.14668","","","","","","","","","","99.12536","","","","","","","",
"Haiti","HTI","Literacy rate, adult total (% of people ages 15 and above)","SE.ADT.LITR.ZS","","","","","","","","","","","","","","","","","","","","","","","34.73469","","","","","","","","","","","","","","","","","","","","","58.7439","","","48.68502","","","","","","","","","","","","",
"Hungary","HUN","Literacy rate, adult total (% of people ages 15 and above)","SE.ADT.LITR.ZS","","","","","","","","","","","","","","","","","","","","","98.85829","","","","","","","","","","","","","","","","","","","","","","","","","","","","","","","","","","99.0999999999999","","","","",
"IBRD only","IBD","Literacy rate, adult total (% of people ages 15 and above)","SE.ADT.LITR.ZS","","","","","","","","","","","","","","","","62.58759","62.67184","62.93236","63.64889","64.34355","64.76492","65.58957","66.24716","67.1473","67.93354","68.63753","69.33167","70.13682","72.44585","73.02908","73.29665","74.16203","74.75261","75.2453","75.73376","76.24943","76.77279","79.72833","81.3297","81.70546","82.16627","82.47651","82.90266","83.56735","84.04603","84.14213","84.12843","85.19038","85.56507","85.96254","86.58421","86.95782","87.28245","87.49162","87.88014","88.19513","88.47576","","",
"IDA & IBRD total","IBT","Literacy rate, adult total (% of people ages 15 and above)","SE.ADT.LITR.ZS","","","","","","","","","","","","","","","","59.75185","59.85188","60.12443","60.76529","61.39835","61.7862","62.51981","63.12207","63.91819","64.62472","65.26356","65.87361","66.61387","68.62101","69.17736","69.48651","70.2316","70.82899","71.34101","71.84471","72.32678","72.84234","75.32289","76.82315","77.23007","77.46237","77.80802","78.24086","78.87583","79.47708","79.46507","79.48224","80.13727","80.5512","80.96079","81.48666","81.50876","82.45983","82.62784","83.03593","83.30718","83.6039","","",
"IDA total","IDA","Literacy rate, adult total (% of people ages 15 and above)","SE.ADT.LITR.ZS","","","","","","","","","","","","","","","","","","","","48.21119","48.47281","48.79185","49.15676","49.51111","49.89397","50.28397","50.56473","51.07519","51.83059","52.37024","52.92686","53.29509","54.07009","54.819","55.55259","56.07144","56.67399","57.36525","58.63468","59.33866","58.82061","59.45254","60.04789","60.6996","61.91181","61.6365","61.92368","61.21482","61.9603","62.61343","63.00501","61.98995","65.41167","65.67304","66.38857","66.74759","67.32945","","",
"IDA blend","IDB","Literacy rate, adult total (% of people ages 15 and above)","SE.ADT.LITR.ZS","","","","","","","","","","","","","","","","","55.66839","56.07061","56.42982","56.92451","57.06833","57.27525","57.69427","57.99995","58.30537","58.61733","58.74707","59.3379","59.91316","60.45726","61.01534","61.70856","63.03046","64.34891","64.99142","65.63143","66.35282","66.96472","67.89556","68.39514","66.00853","66.48758","67.0112","67.4354","68.39317","68.77011","70.32901","69.14341","69.00952","69.78101","70.08472","70.09351","71.02047","70.8738","71.57446","71.60799","72.10039","","",
"Indonesia","IDN","Literacy rate, adult total (% of people ages 15 and above)","SE.ADT.LITR.ZS","","","","","","","","","","","","","","","","","","","","","67.31267","","","","","","","","","","81.51985","","","","","","","","","","","","","","90.38479","","91.98227","","92.1923","92.5817","","92.81191","","","95.11622","95.21793","95.37697","","",
"IDA only","IDX","Literacy rate, adult total (% of people ages 15 and above)","SE.ADT.LITR.ZS","","","","","","","","","","","","","","","","","","","","","","","43.57164","43.94958","44.37802","44.81611","45.19316","45.65169","46.52985","47.07552","47.62294","47.80018","48.24513","48.65451","49.47699","49.94622","50.48992","51.24717","52.74607","53.59361","54.27248","55.01","55.66175","56.46831","57.85124","57.17919","56.68516","56.28747","57.59355","58.1898","58.65433","57.04047","62.00721","62.53668","63.28254","63.85725","64.51302","","",
"Isle of Man","IMN","Literacy rate, adult total (% of people ages 15 and above)","SE.ADT.LITR.ZS","","","","","","","","","","","","","","","","","","","","","","","","","","","","","","","","","","","","","","","","","","","","","","","","","","","","","","","","","","","",
"India","IND","Literacy rate, adult total (% of people ages 15 and above)","SE.ADT.LITR.ZS","","","","","","","","","","","","","","","","","","","","","","40.76359","","","","","","","","","","48.22207","","","","","","","","","","61.01456","","","","","62.75447","","","","","69.30256","","","","","","","",
"Not classified","INX","Literacy rate, adult total (% of people ages 15 and above)","SE.ADT.LITR.ZS","","","","","","","","","","","","","","","","","","","","","","","","","","","","","","","","","","","","","","","","","","","","","","","","","","","","","","","","","","","",
"Ireland","IRL","Literacy rate, adult total (% of people ages 15 and above)","SE.ADT.LITR.ZS","","","","","","","","","","","","","","","","","","","","","","","","","","","","","","","","","","","","","","","","","","","","","","","","","","","","","","","","","","","",
"Iran, Islamic Rep.","IRN","Literacy rate, adult total (% of people ages 15 and above)","SE.ADT.LITR.ZS","","","","","","","","","","","","","","","","","36.5184","","","","","","","","","","52.31976","","","","","65.5314","","","","","73.06025","","","","","","77","","","82.4412","82.33132","","82.9623","","","","83.62599","84.6268","84.70524","","85.54425","","",
"Iraq","IRQ","Literacy rate, adult total (% of people ages 15 and above)","SE.ADT.LITR.ZS","","","","","","","","","","","","","","","","","","","","","","","","","","","","","","","","","","","","","","","","","74.0522","","","","","","","","","","","","","43.68328","","","","","",
"Iceland","ISL","Literacy rate, adult total (% of people ages 15 and above)","SE.ADT.LITR.ZS","","","","","","","","","","","","","","","","","","","","","","","","","","","","","","","","","","","","","","","","","","","","","","","","","","","","","","","","","","","",
"Israel","ISR","Literacy rate, adult total (% of people ages 15 and above)","SE.ADT.LITR.ZS","","","","","","","","","","","","","","","","","","","","","","","","91.75141","","","","","","","","","","","","","","","","","","","","","","","","","","","","","","","","","","","",
"Italy","ITA","Literacy rate, adult total (% of people ages 15 and above)","SE.ADT.LITR.ZS","","","","","","","","","","","","","","","","","","","","","","96.46054","","","","","","","","","","","","","","","","","","","","98.41662","","","","","","","","","","98.84828","","","","","","","",
"Jamaica","JAM","Literacy rate, adult total (% of people ages 15 and above)","SE.ADT.LITR.ZS","","","","","","","","","","","","","","","","","","","","","","","","","","","","","","","","","","","","","","","","79.92012","","","","","","","","","","","","","","","88.0999999999999","","","","",
"Jordan","JOR","Literacy rate, adult total (% of people ages 15 and above)","SE.ADT.LITR.ZS","","","","","","","","","","","","","","","","","","","","66.7968099999999","","","","","","","","","","","","","","","","","","","","","","","","89.89232","","91.13075","","92.19958","","","92.55104","95.90445","97.89032","","","","","","",
"Japan","JPN","Literacy rate, adult total (% of people ages 15 and above)","SE.ADT.LITR.ZS","","","","","","","","","","","","","","","","","","","","","","","","","","","","","","","","","","","","","","","","","","","","","","","","","","","","","","","","","","","",
"Kazakhstan","KAZ","Literacy rate, adult total (% of people ages 15 and above)","SE.ADT.LITR.ZS","","","","","","","","","","","","","","","","","","","","","","","","","","","","","","97.52938","","","","","","","","","","99.51266","","","","","","","","","","99.73241","99.78163","","","","","","","","",
"Kenya","KEN","Literacy rate, adult total (% of people ages 15 and above)","SE.ADT.LITR.ZS","","","","","","","","","","","","","","","","","","","","","","","","","","","","","","","","","","","","","","","","","82.22908","","","","","","","72.15703","","","","","","","78.73304","","","","",
"Kyrgyz Republic","KGZ","Literacy rate, adult total (% of people ages 15 and above)","SE.ADT.LITR.ZS","","","","","","","","","","","","","","","","","","","","","","","","","","","","","","","","","","","","","","","","98.70161","","","","","","","","","","99.24343","","","","","","","","","",
"Cambodia","KHM","Literacy rate, adult total (% of people ages 15 and above)","SE.ADT.LITR.ZS","","","","","","","","","","","","","","","","","","","","","","","","","","","","","","","","","","","","","","","67.33503","","","","","","73.60995","","","","77.58654","73.90003","","","","","78.05509","80.52649","","","",
"Kiribati","KIR","Literacy rate, adult total (% of people ages 15 and above)","SE.ADT.LITR.ZS","","","","","","","","","","","","","","","","","","","","","","","","","","","","","","","","","","","","","","","","","","","","","","","","","","","","","","","","","","","",
"St. Kitts and Nevis","KNA","Literacy rate, adult total (% of people ages 15 and above)","SE.ADT.LITR.ZS","","","","","","","","","","","","","","","","","","","","","","","","","","","","","","","","","","","","","","","","","","","","","","","","","","","","","","","","","","","",
"Korea, Rep.","KOR","Literacy rate, adult total (% of people ages 15 and above)","SE.ADT.LITR.ZS","","","","","","","","","","","","","","","","","","","","","","","","","","","","","","","","","","","","","","","","","","","","","","","","","","","","","","","","","","","",
"Kuwait","KWT","Literacy rate, adult total (% of people ages 15 and above)","SE.ADT.LITR.ZS","","","","","","","","","","","","","","","","59.56439","","","","","67.51766","","","","","74.49087","","","","","","","","","","78.3955","","","","","","","","","","93.27446","93.28212","93.66419","93.8983","","94.46901","","95.51317","95.58582","","95.68545","","96.03595","",
"Latin America & Caribbean (excluding high income)","LAC","Literacy rate, adult total (% of people ages 15 and above)","SE.ADT.LITR.ZS","","","","","","","","","","","","","","","78.10916","78.10858","78.45616","78.88669","79.32665","79.7227","80.05716","80.46989","80.85273","81.25224","81.63251","82.0032","82.37083","82.66758","83.18156","83.61067","83.96974","84.60831","85.2531","85.91204","86.53378","87.16686","87.48774","87.79909","88.28174","88.58914","88.74151","88.92826","89.00611","89.84925","89.71658","90.24293","90.1238","90.53706","90.9038","91.11197","91.33446","91.94427","92.1972","92.26499","92.70338","93.06719","93.37249","","",
"Lao PDR","LAO","Literacy rate, adult total (% of people ages 15 and above)","SE.ADT.LITR.ZS","","","","","","","","","","","","","","","","","","","","","","","","","","","","","","","","","","","","60.25133","","","","","69.5831199999999","68.73439","","","","72.70226","","","","","","58.28794","","","","84.66104","","","",
"Lebanon","LBN","Literacy rate, adult total (% of people ages 15 and above)","SE.ADT.LITR.ZS","","","","","","","","","","","","","","","","","","","","","","","","","","","","","","","","","","","","","","","","","","","","","","","","89.61244","","91.18419","","","","","","","","","",
"Liberia","LBR","Literacy rate, adult total (% of people ages 15 and above)","SE.ADT.LITR.ZS","","","","","","","","","","","","","","","","","","","","","","","","","32.10677","","","","","","","","","","","","","","","","","","","","","","","42.94108","","","","","","","","","","","",
"Libya","LBY","Literacy rate, adult total (% of people ages 15 and above)","SE.ADT.LITR.ZS","","","","","","","","","","","","","","","","","","","","","","","","","60.16439","","","","","","","","","","76.5","","","","","","","","","","86.0999999999999","","","","","","","","","","","","","","",
"St. Lucia","LCA","Literacy rate, adult total (% of people ages 15 and above)","SE.ADT.LITR.ZS","","","","","","","","","","","","","","","","","","","","","","","","","","","","","","","","","","","","","","","","","","","","","","","","","","","","","","","","","","","",
"Latin America & Caribbean","LCN","Literacy rate, adult total (% of people ages 15 and above)","SE.ADT.LITR.ZS","","","","","","","","","","","","","","","78.85941","78.85387","79.17918","79.58256","80.00656","80.38887","80.70915","81.11073","81.48251","81.86233","82.2288","82.5858","82.93958","83.22897","83.71908","84.16259","84.51249","85.11954","85.73411","86.36115","86.95404","87.55793","87.86614","88.16563","88.6274","88.91745","89.06632","89.24804","89.32667","90.12549","90.00452","90.50969","90.40762","90.87187","91.22701","91.42324","91.60362","92.15993","92.4093","92.45332","92.87993","93.23081","93.52506","","",
"Least developed countries: UN classification","LDC","Literacy rate, adult total (% of people ages 15 and above)","SE.ADT.LITR.ZS","","","","","","","","","","","","","","","","","","","","","","40.54463","40.88102","41.28745","41.73126","42.18135","42.55835","43.02458","43.93047","44.52779","45.09105","45.26102","45.73092","46.16239","47.05483","47.77504","48.30358","49.06913","50.63688","51.54112","51.99469","52.67646","53.33059","54.16402","55.65092","55.41898","54.80268","54.21679","55.51192","56.46687","56.8266","54.96615","60.3688","60.90744","61.68538","62.25665","62.94581","","",
"Low income","LIC","Literacy rate, adult total (% of people ages 15 and above)","SE.ADT.LITR.ZS","","","","","","","","","","","","","","","","","","","","","","","","","","43.41036","43.88183","44.52141","45.2049","45.78975","46.36885","46.62825","46.96216","47.25052","47.84493","48.13387","48.50648","49.25546","49.79527","50.34502","50.67088","51.36116","51.64633","52.2903","54.1117","53.26303","53.08421","54.23258","53.40461","54.6644","54.75829","56.81752","57.95468","58.38585","59.2793","59.75239","60.58161","","",
"Liechtenstein","LIE","Literacy rate, adult total (% of people ages 15 and above)","SE.ADT.LITR.ZS","","","","","","","","","","","","","","","","","","","","","","","","","","","","","","","","","","","","","","","","","","","","","","","","","","","","","","","","","","","",
"Sri Lanka","LKA","Literacy rate, adult total (% of people ages 15 and above)","SE.ADT.LITR.ZS","","","","","","","","","","","","","","","","","","","","","","86.77792","","","","","","","","","","","","","","","","","","","","90.68275","","","","","90.80883","","90.55795","","91.18136","","","","","","92.3869","91.89575","",
"Lower middle income","LMC","Literacy rate, adult total (% of people ages 15 and above)","SE.ADT.LITR.ZS","","","","","","","","","","","","","","","","49.8533","50.00655","50.51745","51.04162","51.58586","51.48585","52.22207","53.05178","53.50155","54.01775","54.53955","55.05527","55.91705","56.51964","57.16152","57.80083","58.3053","59.2215","59.95408","60.65868","61.33435","62.07624","62.7121","65.84399","66.48792","66.67575","67.18486","68.01937","68.84452","69.55523","69.40597","69.41222","69.83738","70.7936","71.43398","72.71435","72.24664","74.21019","74.65994","75.36975","75.83826","76.35028","","",
"Low & middle income","LMY","Literacy rate, adult total (% of people ages 15 and above)","SE.ADT.LITR.ZS","","","","","","","","","","","","","","","","59.33816","59.44776","59.73222","60.38849","61.03692","61.43789","62.18995","62.80778","63.62126","64.34374","64.99809","65.62143","66.37659","68.40808","68.97242","69.28267","70.03745","70.64224","71.16054","71.66999","72.15757","72.67889","75.17753","76.6895","77.10099","77.33614","77.68525","78.12303","78.76401","79.37","79.35941","79.37729","80.03067","80.44711","80.86176","81.3955","81.42259","82.38006","82.55274","82.96363","83.23758","83.53696","","",
"Lesotho","LSO","Literacy rate, adult total (% of people ages 15 and above)","SE.ADT.LITR.ZS","","","","","","","","","","","","","","","","","","","","","","","","","","","","","","","","","","","","","","","","","86.25443","","","","","","","","","75.8002","","","","","76.6352","","","","",
"Late-demographic dividend","LTE","Literacy rate, adult total (% of people ages 15 and above)","SE.ADT.LITR.ZS","","","","","","","","","","","","","","","","","70.73661","70.74385","71.53153","72.33994","73.10039","73.87106","74.28142","75.39086","76.13861","76.87122","77.55823","78.24977","81.79756","82.33385","82.11533","83.31725","83.75127","84.17458","84.57621","84.99269","85.42614","90.25434","90.59605","90.89775","91.23161","91.49249","91.80114","92.18957","92.59892","92.92669","93.14288","94.13619","94.35744","94.6394","94.64499","95.16747","95.33672","95.39803","95.55239","95.73705","95.89059","","",
"Lithuania","LTU","Literacy rate, adult total (% of people ages 15 and above)","SE.ADT.LITR.ZS","","","","","","","","","","","","","","","","","","","","","","","","","","","","","","98.44127","","","","","","","","","","","","99.64575","","","","","","","","","","99.8156","","","","","","","",
"Luxembourg","LUX","Literacy rate, adult total (% of people ages 15 and above)","SE.ADT.LITR.ZS","","","","","","","","","","","","","","","","","","","","","","","","","","","","","","","","","","","","","","","","","","","","","","","","","","","","","","","","","","","",
"Latvia","LVA","Literacy rate, adult total (% of people ages 15 and above)","SE.ADT.LITR.ZS","","","","","","","","","","","","","","","","","","","","","","","","","","","","","","99.4522999999999","","","","","","","","","","","99.74657","","","","","","","","","","","99.8959","","","","","","","",
"Macao SAR, China","MAC","Literacy rate, adult total (% of people ages 15 and above)","SE.ADT.LITR.ZS","","","","","","","","","","","","","","","","","","","","","","90.37818","","","","","","","","","","","","","","","","","","","","91.29537","","","","","93.49975","","","","","95.64004","","","","","96.53849","","",
"St. Martin (French part)","MAF","Literacy rate, adult total (% of people ages 15 and above)","SE.ADT.LITR.ZS","","","","","","","","","","","","","","","","","","","","","","","","","","","","","","","","","","","","","","","","","","","","","","","","","","","","","","","","","","","",
"Morocco","MAR","Literacy rate, adult total (% of people ages 15 and above)","SE.ADT.LITR.ZS","","","","","","","","","","","","","","","","","","","","","","","30.2578","","","","","","","","","","","","41.59411","","","","","","","","","","52.30626","","","","55.14792","56.08367","","67.08416","69.4253899999999","","","","","","",
"Monaco","MCO","Literacy rate, adult total (% of people ages 15 and above)","SE.ADT.LITR.ZS","","","","","","","","","","","","","","","","","","","","","","","","","","","","","","","","","","","","","","","","","","","","","","","","","","","","","","","","","","","",
"Moldova","MDA","Literacy rate, adult total (% of people ages 15 and above)","SE.ADT.LITR.ZS","","","","","","","","","","","","","","","","","","","","","","","","","","","","","","96.37755","","","","","","","","","","","96.6538","","","","","","","","","","","","99.13831","","","","","","",
"Madagascar","MDG","Literacy rate, adult total (% of people ages 15 and above)","SE.ADT.LITR.ZS","","","","","","","","","","","","","","","","","","","","","","","","","","","","","","","","","","","","","","","","","70.68617","","","","","","","","","64.4809099999999","","","71.57262","","","","","","",
"Maldives","MDV","Literacy rate, adult total (% of people ages 15 and above)","SE.ADT.LITR.ZS","","","","","","","","","","","","","","","","","","82.29996","","","","","","","","92.23005","","","","","96.01826","","","","","96.3265","","","","","","","","","","","98.3979","","","","","","","","98.61012","","","","",
"Middle East & North Africa","MEA","Literacy rate, adult total (% of people ages 15 and above)","SE.ADT.LITR.ZS","","","","","","","","","","","","","","42.82216","43.31976","43.85004","44.41685","44.98234","45.66755","46.37866","47.14337","47.89356","48.69104","49.42488","50.3887","51.36992","52.51943","53.21982","54.34073","55.39388","57.83767","59.07494","60.04862","60.90978","61.86669","63.33888","64.77112","65.62785","66.84308","67.91677","68.91087","70.05267","70.49975","73.75778","74.68318","75.13866","74.42168","74.99793","75.59986","75.54781","76.39718","77.13008","77.64802","78.01983","78.48583","79.24977","79.64689","","",
"Mexico","MEX","Literacy rate, adult total (% of people ages 15 and above)","SE.ADT.LITR.ZS","","","","","","","","","","","","","","","","","","","","","82.98924","","","","","","","","","","87.55615","","","","","","","","","","90.5356199999999","","90.2746499999999","","90.95374","91.63027","91.73452","92.79517","92.9256","93.44188","93.06894","93.51998","94.2283999999999","93.96285","94.55588","94.47228","94.85962","","",
"Marshall Islands","MHL","Literacy rate, adult total (% of people ages 15 and above)","SE.ADT.LITR.ZS","","","","","","","","","","","","","","","","","","","","","","","","","","","","","","","","","","","","","","","","","","","","","","","","","","","","98.26508","","","","","","","",
"Middle income","MIC","Literacy rate, adult total (% of people ages 15 and above)","SE.ADT.LITR.ZS","","","","","","","","","","","","","","","","60.75082","60.84687","61.12707","61.80363","62.47303","62.86953","63.63161","64.25453","65.08598","65.8149","66.47241","67.10414","67.86813","69.99545","70.56459","70.85745","71.65709","72.29241","72.83977","73.35784","73.8757","74.41614","77.05308","78.65047","79.06715","79.31068","79.64893","80.11368","80.77113","81.30263","81.37667","81.43143","82.0694","82.61116","82.98731","83.58961","83.48173","84.45964","84.648","85.05551","85.35088","85.64068","","",
"Macedonia, FYR","MKD","Literacy rate, adult total (% of people ages 15 and above)","SE.ADT.LITR.ZS","","","","","","","","","","","","","","","","","","","","","","","","","","","","","","","","","","","94.05875","","","","","","","","96.12893","","","","","","","","","","","","","","","","",
"Mali","MLI","Literacy rate, adult total (% of people ages 15 and above)","SE.ADT.LITR.ZS","","","","","","","","","","","","","","","","","9.43380999999999","","","","","","","","","","","","","","","","","","","","","","19.04497","","","","","24","","","26.17655","","","","31.09975","33.56094","","","","33.06889","","","",
"Malta","MLT","Literacy rate, adult total (% of people ages 15 and above)","SE.ADT.LITR.ZS","","","","","","","","","","","","","","","","","","","","","","","","","","86.92984","","","","","","","","","","87.8687","","","","","","","","","","92.36309","","","","","","93.30736","","","","","","","",
"Myanmar","MMR","Literacy rate, adult total (% of people ages 15 and above)","SE.ADT.LITR.ZS","","","","","","","","","","","","","","","","","","","","","","","","78.57041","","","","","","","","","","","","","","","","","89.94176","","","","","","","","","","","","","","","","75.5511999999999","","",
"Middle East & North Africa (excluding high income)","MNA","Literacy rate, adult total (% of people ages 15 and above)","SE.ADT.LITR.ZS","","","","","","","","","","","","","39.45006","39.93864","40.43303","40.96593","41.53128","42.09312","42.79268","43.51312","44.315","45.09184","45.85046","46.62303","47.62511","48.67555","49.91908","50.65926","51.77387","52.82319","55.44763","56.71574","57.73781","58.62104","59.60176","61.17437","62.67799","63.53223","64.73451","65.84231","66.88337","68.04286","68.36533","72.03799","72.95436","73.37649","72.38902","72.8813","73.37844","73.1696","74.00967","74.19839","74.71401","75.0097","75.51625","76.35775","76.78292","","",
"Montenegro","MNE","Literacy rate, adult total (% of people ages 15 and above)","SE.ADT.LITR.ZS","","","","","","","","","","","","","","","","","","","","","","89.6353","","","","","","","","","","93.46274","","","","","","","","","","","","97.77346","","","","","","","","98.44221","","","","","","","",
"Mongolia","MNG","Literacy rate, adult total (% of people ages 15 and above)","SE.ADT.LITR.ZS","","","","","","","","","","","","","","","","","","","","","","","","","","","","","","","","","","","","","","","","","97.76885","","","","","","","","","","98.257","","","","","","","","",
"Northern Mariana Islands","MNP","Literacy rate, adult total (% of people ages 15 and above)","SE.ADT.LITR.ZS","","","","","","","","","","","","","","","","","","","","","","","","","","","","","","","","","","","","","","","","","","","","","","","","","","","","","","","","","","","",
"Mozambique","MOZ","Literacy rate, adult total (% of people ages 15 and above)","SE.ADT.LITR.ZS","","","","","","","","","","","","","","","","","","","","","26.99771","","","","","","","","","","","","","","","","","38.70788","","","","","","48.15884","","","","","","50.58381","","","","","","56.039","","","",
"Mauritania","MRT","Literacy rate, adult total (% of people ages 15 and above)","SE.ADT.LITR.ZS","","","","","","","","","","","","","","","","","","","","","","","","","","","","","","","","","","","","","","","","","51.20768","","","","","","","45.50378","","","","","","","","","","","",
"Mauritius","MUS","Literacy rate, adult total (% of people ages 15 and above)","SE.ADT.LITR.ZS","","","","","","","","","","","","","","","","","","","","","","","","","","","","","","","79.86866","","","","","","","","","","84.30309","","","","","","","","","","","89.24984","91.7660099999999","91.49003","92.47476","92.7076","93.1578399999999","","",
"Malawi","MWI","Literacy rate, adult total (% of people ages 15 and above)","SE.ADT.LITR.ZS","","","","","","","","","","","","","","","","","","","","","","","","","","","","48.53665","","","","","","","","","","","64.1342499999999","","","","","","","","","","","","61.30972","","","","65.14537","62.14354","","","",
"Malaysia","MYS","Literacy rate, adult total (% of people ages 15 and above)","SE.ADT.LITR.ZS","","","","","","","","","","","","","","","","","","","","","69.51633","","","","","","","","","","","82.91537","","","","","","","","","","89.50744","","","","","","","","","","","","","","","","","",
"North America","NAC","Literacy rate, adult total (% of people ages 15 and above)","SE.ADT.LITR.ZS","","","","","","","","","","","","","","","","","","","","","","","","","","","","","","","","","","","","","","","","","","","","","","","","","","","","","","","","","","","",
"Namibia","NAM","Literacy rate, adult total (% of people ages 15 and above)","SE.ADT.LITR.ZS","","","","","","","","","","","","","","","","","","","","","","","","","","","","","","","","75.81658","","","","","","","","","","84.94426","","","","","","76.48659","","","","88.27463","","","","","","","",
"New Caledonia","NCL","Literacy rate, adult total (% of people ages 15 and above)","SE.ADT.LITR.ZS","","","","","","","","","","","","","","","","","91.30037","","","","","","","","","","","","","93.08063","","","","","","","96.1379199999999","","","","","","","","","","","","","","","","","","97.8","","","","",
"Niger","NER","Literacy rate, adult total (% of people ages 15 and above)","SE.ADT.LITR.ZS","","","","","","","","","","","","","","","","","","","","","","","","","","","","","","","","","","","","","","","","","","14.37604","","","","28.67242","","","","","","","30.56039","","","","","","",
"Nigeria","NGA","Literacy rate, adult total (% of people ages 15 and above)","SE.ADT.LITR.ZS","","","","","","","","","","","","","","","","","","","","","","","","","","","","","","","","55.44675","","","","","","","","","","","","54.77318","","","","","51.07766","","","","","","","","","","",
"Nicaragua","NIC","Literacy rate, adult total (% of people ages 15 and above)","SE.ADT.LITR.ZS","","","","","","","","","","","","","","","","","","","","","","","","","","","","","","","","","","","","","","","","","","76.67713","","","","78.0029799999999","","","","","","","","","","","","","",
"Netherlands","NLD","Literacy rate, adult total (% of people ages 15 and above)","SE.ADT.LITR.ZS","","","","","","","","","","","","","","","","","","","","","","","","","","","","","","","","","","","","","","","","","","","","","","","","","","","","","","","","","","","",
"Norway","NOR","Literacy rate, adult total (% of people ages 15 and above)","SE.ADT.LITR.ZS","","","","","","","","","","","","","","","","","","","","","","","","","","","","","","","","","","","","","","","","","","","","","","","","","","","","","","","","","","","",
"Nepal","NPL","Literacy rate, adult total (% of people ages 15 and above)","SE.ADT.LITR.ZS","","","","","","","","","","","","","","","","","","","","","","20.57367","","","","","","","","","","32.97559","","","","","","","","","","48.60897","","","","","","","","","","59.62725","","","","","","","",
"Nauru","NRU","Literacy rate, adult total (% of people ages 15 and above)","SE.ADT.LITR.ZS","","","","","","","","","","","","","","","","","","","","","","","","","","","","","","","","","","","","","","","","","","","","","","","","","","","","","","","","","","","",
"New Zealand","NZL","Literacy rate, adult total (% of people ages 15 and above)","SE.ADT.LITR.ZS","","","","","","","","","","","","","","","","","","","","","","","","","","","","","","","","","","","","","","","","","","","","","","","","","","","","","","","","","","","",
"OECD members","OED","Literacy rate, adult total (% of people ages 15 and above)","SE.ADT.LITR.ZS","","","","","","","","","","","","","","","","","","","","","","","","","","","","","","","","","","","","","","","","","","","","","","","","","","","","","","","","","","","",
"Oman","OMN","Literacy rate, adult total (% of people ages 15 and above)","SE.ADT.LITR.ZS","","","","","","","","","","","","","","","","","","","","","","","","","","","","","","","","","","","","","","","","","","","","81.36331","","","","","86.62114","","86.9389999999999","","","","91.9812","93.03861","94.89999","96.1115499999999","",
"Other small states","OSS","Literacy rate, adult total (% of people ages 15 and above)","SE.ADT.LITR.ZS","","","","","","","","","","","","","","","","","","","","","","","","71.23765","71.40447","71.55115","71.79697","72.14631","72.60944","73.0665","73.51784","73.89403","74.34862","74.93638","75.07373","75.45174","76.06865","76.6262","77.44681","77.98227","78.04831","78.71025","79.44691","80.06439","80.4657","80.98235","80.52833","79.74801","80.93784","80.4024","81.07433","81.56349","81.98122","82.44064","82.67978","83.11836","83.31599","","",
"Pakistan","PAK","Literacy rate, adult total (% of people ages 15 and above)","SE.ADT.LITR.ZS","","","","","","","","","","","","","","","","","","","","","","25.72519","","","","","","","","","","","","","","","","","42.69931","","","","","","","49.87364","54.15121","","55.52637","54.89264","55.37519","54.73802","56.76434","55.59499","56.97715","","","","",
"Panama","PAN","Literacy rate, adult total (% of people ages 15 and above)","SE.ADT.LITR.ZS","","","","","","","","","","","","","","","","","","","","","88.07174","","","","","","","","","","88.77986","","","","","","","","","","91.89962","","","","","","","","","","94.09412","","","","","","","","",
"Peru","PER","Literacy rate, adult total (% of people ages 15 and above)","SE.ADT.LITR.ZS","","","","","","","","","","","","","","","","","","","","","","81.91846","","","","","","","","","","","","87.15063","","","","","","","","","","","87.66985","87.90867","88.69934","89.59081","","","","","93.84173","","93.70795","94.16234","94.17367","","",
"Philippines","PHL","Literacy rate, adult total (% of people ages 15 and above)","SE.ADT.LITR.ZS","","","","","","","","","","","","","","","","","","","","","83.31723","","","","","","","","","","93.5739","","","","93.91597","","","","","","92.60006","","","92.59069","","","","","95.4201","","","","","96.398","","","","","",
"Palau","PLW","Literacy rate, adult total (% of people ages 15 and above)","SE.ADT.LITR.ZS","","","","","","","","","","","","","","","","","","","","","91.92142","","","","","","","","","","","","","","","","","","","","","","","","","","","","","","","","","99.50313","","96.59374","","","",
"Papua New Guinea","PNG","Literacy rate, adult total (% of people ages 15 and above)","SE.ADT.LITR.ZS","","","","","","","","","","","","","","","","","","","","","","","","","","","","","","","","","","","","","","","","","57.34326","","","","","","","","","","61.6","","","","","","","","",
"Poland","POL","Literacy rate, adult total (% of people ages 15 and above)","SE.ADT.LITR.ZS","","","","","","","","","","","","","","","","","","","98.74274","","","","","","","","","","98.74274","","","","","","","","","","98.74274","","","","","","","","","","98.74274","","","","","","","","","","",
"Pre-demographic dividend","PRE","Literacy rate, adult total (% of people ages 15 and above)","SE.ADT.LITR.ZS","","","","","","","","","","","","","","","","","","","","","","","","","","","48.51207","49.27052","49.86534","50.60603","51.26995","51.74105","52.07221","52.63367","53.21348","53.57565","54.24886","55.20746","55.88026","56.80446","55.15354","56.12885","56.71578","57.07591","58.37692","57.89718","57.10726","55.76744","55.00083","54.80424","55.16317","56.93676","58.03313","58.324","59.2573","59.83464","60.61667","","",
"Puerto Rico","PRI","Literacy rate, adult total (% of people ages 15 and above)","SE.ADT.LITR.ZS","","","","","","","","","","","","","","","","","","","","","86.74606","","","","","","","","","","89.6225","","","","","","","","","","","","","","","","","","","","91.96523","","","","","","","","",
"Korea, Dem. People’s Rep.","PRK","Literacy rate, adult total (% of people ages 15 and above)","SE.ADT.LITR.ZS","","","","","","","","","","","","","","","","","","","","","","","","","","","","","","","","","","","","","","","","","","","","","","","","","99.9981899999999","","","","","","","","","","",
"Portugal","PRT","Literacy rate, adult total (% of people ages 15 and above)","SE.ADT.LITR.ZS","","","","","","","","","","","","","","","","","","","","","","79.43561","","","","","","","","","","87.94785","","","","","","","","","","","","","","","","","","","","94.47705","","","","","","","",
"Paraguay","PRY","Literacy rate, adult total (% of people ages 15 and above)","SE.ADT.LITR.ZS","","","","","","","","","","","","","","","","","","","","","","","78.4586099999999","","","","","","","","","","90.27182","","","","","","","","","","","","","","","94.55822","93.29208","93.75424","93.87092","","94.19747","95.05904","94.61672","95.55484","94.65024","","",
"West Bank and Gaza","PSE","Literacy rate, adult total (% of people ages 15 and above)","SE.ADT.LITR.ZS","","","","","","","","","","","","","","","","","","","","","","","","","","","","","","","","","","","","","","86.06289","","","","","","","92.27997","","93.45001","93.88214","92.53616","94.59917","94.93201","95.26724","95.90622","96.2848999999999","96.4283899999999","96.69073","96.93023","","",
"Pacific island small states","PSS","Literacy rate, adult total (% of people ages 15 and above)","SE.ADT.LITR.ZS","","","","","","","","","","","","","","","","","","","","","","","","","","","","","","","","","","","","","","","","","","","","","","","","","","","","","","","","","","","",
"Post-demographic dividend","PST","Literacy rate, adult total (% of people ages 15 and above)","SE.ADT.LITR.ZS","","","","","","","","","","","","","","","","","","","","","","","","","","","","","","","","","","","","","","","","","","","","","","","","","","","","","","","","","","","",
"French Polynesia","PYF","Literacy rate, adult total (% of people ages 15 and above)","SE.ADT.LITR.ZS","","","","","","","","","","","","","","","","","","","","","","","","","","","","","","","","","","","","","","","","","","","","","","","","","","","","","","","","","","","",
"Qatar","QAT","Literacy rate, adult total (% of people ages 15 and above)","SE.ADT.LITR.ZS","","","","","","","","","","","","","","","","","","","","","","","","","","","75.63504","","","","","","","","","","","83.2621599999999","","","","","","","88.96239","","","","","","","","","","","","","","",
"Romania","ROU","Literacy rate, adult total (% of people ages 15 and above)","SE.ADT.LITR.ZS","","","","","","","","","","","","","","","","","","","","","","","","","","","","","","","","","96.70998","","","","","","","","","","97.29759","","","","","","","","","98.60429","","","","","","","",
"Russian Federation","RUS","Literacy rate, adult total (% of people ages 15 and above)","SE.ADT.LITR.ZS","","","","","","","","","","","","","","","","","","","","","","","","","","","","","","97.98605","","","","","","","","","","","","","99.4409699999999","","","","","","","","99.68427","","","","","","","","",
"Rwanda","RWA","Literacy rate, adult total (% of people ages 15 and above)","SE.ADT.LITR.ZS","","","","","","","","","","","","","","","","","","","38.24343","","","","","","","","","","","","","57.85349","","","","","","","","","64.8886","","","","","","","","","","65.85227","","68.33103","","70.80413","","","","",
"South Asia","SAS","Literacy rate, adult total (% of people ages 15 and above)","SE.ADT.LITR.ZS","","","","","","","","","","","","","","","","36.18579","36.19728","36.85098","37.49674","38.12363","38.73984","38.78821","39.96757","40.61454","41.26079","41.9086","42.55219","43.19914","43.94397","44.69504","45.42505","45.84049","47.10364","48.08159","48.85541","49.64559","50.44213","51.24289","56.131","56.88355","57.65712","58.13345","59.18189","60.06939","60.84138","60.60574","60.81666","61.92105","63.41836","64.12391","65.83157","65.45858","68.32433","68.87437","69.66934","70.27439","70.99704","","",
"Saudi Arabia","SAU","Literacy rate, adult total (% of people ages 15 and above)","SE.ADT.LITR.ZS","","","","","","","","","","","","","","","","","","","","","","","","","","","","","","","","","70.82165","","","","","","","","79.3509399999999","","","","82.85774","","","","","","","","","94.42634","","","","","",
"Sudan","SDN","Literacy rate, adult total (% of people ages 15 and above)","SE.ADT.LITR.ZS","","","","","","","","","","","","","","","","","","","","","","","","","","","","","","","","","","","","","","","","","61.34587","","","","","","","","53.51738","","","","","","","","","","",
"Senegal","SEN","Literacy rate, adult total (% of people ages 15 and above)","SE.ADT.LITR.ZS","","","","","","","","","","","","","","","","","","","","","","","","","","","","","26.86885","","","","","","","","","","","","","","39.27525","","","","41.89115","","","49.69513","","52.05196","","42.8175","","","","51.90042","",
"Singapore","SGP","Literacy rate, adult total (% of people ages 15 and above)","SE.ADT.LITR.ZS","","","","","","","","","","","","","","","","","","","","","82.9060499999999","","","","","","","","","","89.096","","","","","","","","","","92.5494","","","","","","","","","","95.85733","96.18608","96.36979","96.54808","96.71666","96.82549","97.04959","","",
"Solomon Islands","SLB","Literacy rate, adult total (% of people ages 15 and above)","SE.ADT.LITR.ZS","","","","","","","","","","","","","","","","","","","","","","","","","","","","","","","","","","","","","","","","76.5999999999999","","","","","","","","","","","","","","","","","","","",
"Sierra Leone","SLE","Literacy rate, adult total (% of people ages 15 and above)","SE.ADT.LITR.ZS","","","","","","","","","","","","","","","","","","","","","","","","","","","","","","","","","","","","","","","","","","","","","34.82679","","","","","","","","","32.42617","","","","","",
"El Salvador","SLV","Literacy rate, adult total (% of people ages 15 and above)","SE.ADT.LITR.ZS","","","","","","","","","","","","","","","","","","","","","","","","","","","","","","","","","74.14316","","","","","","","","","","","","","","83.55946","82.02863","83.9513","84.10289","84.49272","85.49399","","86.76758","","87.9698499999999","88.1417699999999","","",
"San Marino","SMR","Literacy rate, adult total (% of people ages 15 and above)","SE.ADT.LITR.ZS","","","","","","","","","","","","","","","","","","","","","","","","","","","","","","","","","","","","","","","","","","","","","","","","","","","","","","","","","","","",
"Somalia","SOM","Literacy rate, adult total (% of people ages 15 and above)","SE.ADT.LITR.ZS","","","","","","","","","","","","","","","","","","","","","","","","","","","","","","","","","","","","","","","","","","","","","","","","","","","","","","","","","","","",
"Serbia","SRB","Literacy rate, adult total (% of people ages 15 and above)","SE.ADT.LITR.ZS","","","","","","","","","","","","","","","","","","","","","","","","","","","","","","","","","","","","","","","","","","","","","","","","","","","","97.96241","","","","","98.84151","","",
"Sub-Saharan Africa (excluding high income)","SSA","Literacy rate, adult total (% of people ages 15 and above)","SE.ADT.LITR.ZS","","","","","","","","","","","","","","","","","","","","","","","","","49.03187","49.42564","49.78354","50.42935","50.94562","51.53737","52.22458","52.60175","53.07468","53.63763","54.36514","54.64379","55.23853","56.13577","56.76473","57.58576","56.24187","57.18104","57.67968","58.08811","59.97229","59.00991","58.5082","58.05929","57.5454","58.81456","59.17684","60.75778","61.8073","62.31554","63.0425","63.61612","64.34634","","",
"South Sudan","SSD","Literacy rate, adult total (% of people ages 15 and above)","SE.ADT.LITR.ZS","","","","","","","","","","","","","","","","","","","","","","","","","","","","","","","","","","","","","","","","","","","","","","","","","26.83128","","","","","","","","","","",
"Sub-Saharan Africa","SSF","Literacy rate, adult total (% of people ages 15 and above)","SE.ADT.LITR.ZS","","","","","","","","","","","","","","","","","","","","","","","","","49.0381","49.43184","49.78963","50.43524","50.95139","51.54299","52.23015","52.60737","53.08026","53.64322","54.3706","54.64935","55.24401","56.14112","56.76999","57.59091","56.2473","57.18644","57.68504","58.09352","59.97746","59.01526","58.51361","58.06473","57.55084","58.81977","59.18192","60.76259","61.81189","62.31998","63.04676","63.62022","64.35027","","",
"Small states","SST","Literacy rate, adult total (% of people ages 15 and above)","SE.ADT.LITR.ZS","","","","","","","","","","","","","","","","","","","","","","","","","","","76.22189","76.43201","76.72213","77.01183","77.32752","77.57157","77.8809","78.28729","78.38376","78.70354","79.19048","79.63474","80.2616","80.55716","80.77915","81.29346","81.85531","82.32954","82.64964","83.04854","82.74045","82.2582","83.12731","82.74811","83.21416","83.55761","83.82282","84.12597","84.29626","84.62552","84.77137","","",
"Sao Tome and Principe","STP","Literacy rate, adult total (% of people ages 15 and above)","SE.ADT.LITR.ZS","","","","","","","","","","","","","","","","","","","","","","57.32426","","","","","","","","","","73.24242","","","","","","","","","","84.90851","","","","","","","69.53639","","","","90.1431","","","","","","",
"Suriname","SUR","Literacy rate, adult total (% of people ages 15 and above)","SE.ADT.LITR.ZS","","","","","","","","","","","","","","","","","","","","","","","","","","","","","","","","","","","","","","","","","","","","","89.59806","","","","94.62094","","94.6757499999999","","92.86866","","","","","","",
"Slovak Republic","SVK","Literacy rate, adult total (% of people ages 15 and above)","SE.ADT.LITR.ZS","","","","","","","","","","","","","","","","","","","","","","","","","","","","","","","","","","","","","","","","","","","","","","","","","","","","","","","","","","","",
"Slovenia","SVN","Literacy rate, adult total (% of people ages 15 and above)","SE.ADT.LITR.ZS","","","","","","","","","","","","","","","","","","","","","","","","","","","","","","","","99.52452","","","","","","","","","","","","","99.7","","","","","","","","","","99.7","","","","",
"Sweden","SWE","Literacy rate, adult total (% of people ages 15 and above)","SE.ADT.LITR.ZS","","","","","","","","","","","","","","","","","","","","","","","","","","","","","","","","","","","","","","","","","","","","","","","","","","","","","","","","","","","",
"Eswatini","SWZ","Literacy rate, adult total (% of people ages 15 and above)","SE.ADT.LITR.ZS","","","","","","","","","","","","","","","","","55.32504","","","","","","","","","","67.23938","","","","","","","","","","","","","","81.6607","","","","","","","","","","83.09829","","","","","","","","",
"Sint Maarten (Dutch part)","SXM","Literacy rate, adult total (% of people ages 15 and above)","SE.ADT.LITR.ZS","","","","","","","","","","","","","","","","","","","","","","","","","","","","","","","","","","","","","","","","","","","","","","","","","","","","","","","","","","","",
"Seychelles","SYC","Literacy rate, adult total (% of people ages 15 and above)","SE.ADT.LITR.ZS","","","","","","","","","","","","","","","","","","","","","","","","","","","","84.22922","","","","","","","87.81115","","","","","","","","91.83646","","","","","","","","93.95423","","","","","","","","",
"Syrian Arab Republic","SYR","Literacy rate, adult total (% of people ages 15 and above)","SE.ADT.LITR.ZS","","","","","","","","","","","","","","","","","","","","","","55.6545","","","","","","","","","","","","","","","","","","","","","82.88825","","80.84452","","","","","","","","","","","","","","",
"Turks and Caicos Islands","TCA","Literacy rate, adult total (% of people ages 15 and above)","SE.ADT.LITR.ZS","","","","","","","","","","","","","","","","","","","","","","","","","","","","","","","","","","","","","","","","","","","","","","","","","","","","","","","","","","","",
"Chad","TCD","Literacy rate, adult total (% of people ages 15 and above)","SE.ADT.LITR.ZS","","","","","","","","","","","","","","","","","","","","","","","","","","","","","","","","","","10.89465","","","","","","","25.65421","","","","28.38143","","","","","","","","","","","26.00299","22.31155","","",
"East Asia & Pacific (IDA & IBRD countries)","TEA","Literacy rate, adult total (% of people ages 15 and above)","SE.ADT.LITR.ZS","","","","","","","","","","","","","","","","","63.52885","63.69738","64.83481","66.0139","66.53323","68.25838","68.93415","70.45556","71.51686","72.53196","73.47626","74.73917","79.09659","79.79894","79.52593","80.97195","81.47959","81.94565","82.49114","83.02863","83.56768","89.26415","89.63708","89.97146","90.45229","90.73628","91.11236","91.48216","92.03041","92.3994","92.82903","93.92203","94.16535","94.47115","94.55668","94.39024","94.61723","94.70958","95.06234","95.1932","95.31731","","",
"Europe & Central Asia (IDA & IBRD countries)","TEC","Literacy rate, adult total (% of people ages 15 and above)","SE.ADT.LITR.ZS","","","","","","","","","","","","","","","","","","","","","","","","94.60724","95.20041","95.36546","95.4184","95.53598","95.66518","95.74159","95.93623","95.98281","96.09748","96.20728","96.31522","96.42752","96.58856","96.68915","96.98323","97.03974","97.14596","97.21642","97.29258","97.35817","97.48861","97.67028","97.63778","97.72247","97.74492","98.20237","98.4725","98.69315","98.80603","98.84606","98.87219","98.89842","98.95928","","",
"Togo","TGO","Literacy rate, adult total (% of people ages 15 and above)","SE.ADT.LITR.ZS","","","","","","","","","","","","","","","","","","","","","","","","","","","","","","","","","","","","","","","","","53.1776","","","","","","56.88837","","","57.09338","","60.40994","","","","63.74562","","","",
"Thailand","THA","Literacy rate, adult total (% of people ages 15 and above)","SE.ADT.LITR.ZS","","","","","","","","","","","","","","","","","","","","","87.9817599999999","","","","","","","","","","","","","","","","","","","","92.64654","","","","","93.5064699999999","","","","","96.43091","","","93.70207","","92.8683099999999","","","",
"Tajikistan","TJK","Literacy rate, adult total (% of people ages 15 and above)","SE.ADT.LITR.ZS","","","","","","","","","","","","","","","","","","","","","","","","","","","","","","97.69402","","","","","","","","","","","99.45068","","","","","","","","","","","","","","99.8","","","","",
"Turkmenistan","TKM","Literacy rate, adult total (% of people ages 15 and above)","SE.ADT.LITR.ZS","","","","","","","","","","","","","","","","","","","","","","","","","","","","","","","","","","","","98.7783199999999","","","","","","","","","","","","","","","","","","","99.7","","","","",
"Latin America & the Caribbean (IDA & IBRD countries)","TLA","Literacy rate, adult total (% of people ages 15 and above)","SE.ADT.LITR.ZS","","","","","","","","","","","","","","","78.11856","78.11896","78.46225","78.88394","79.32554","79.72453","80.06468","80.47937","80.86625","81.26291","81.64482","82.0153","82.38318","82.67917","83.1881","83.64951","84.00739","84.6413","85.2831","85.93795","86.55704","87.18694","87.50844","87.82117","88.30486","88.60978","88.76769","88.9582","89.04144","89.8689","89.74513","90.26876","90.16415","90.64489","91.01254","91.21955","91.40869","91.98063","92.23696","92.2839","92.72364","93.08523","93.38841","","",
"Timor-Leste","TLS","Literacy rate, adult total (% of people ages 15 and above)","SE.ADT.LITR.ZS","","","","","","","","","","","","","","","","","","","","","","","","","","","","","","","","","","","","","","","","","","37.6","","","","","","50.6","","","58.30898","","","","","","","","",
"Middle East & North Africa (IDA & IBRD countries)","TMN","Literacy rate, adult total (% of people ages 15 and above)","SE.ADT.LITR.ZS","","","","","","","","","","","","38.61421","39.09878","39.58877","40.08431","40.61959","41.18872","41.75511","42.46069","43.18723","43.99548","44.77786","45.5414","46.31881","47.3277","48.38558","49.63743","50.38217","51.50451","52.56071","55.20591","56.4822","57.51019","58.39114","59.37063","60.94769","62.4559","63.32172","64.51334","65.62372","66.66792","67.83297","68.13793","71.84307","72.76931","73.18728","72.18506","72.67536","73.18773","72.95272","73.79424","73.97751","74.48753","74.77785","75.28407","76.12811","76.55186","","",
"Tonga","TON","Literacy rate, adult total (% of people ages 15 and above)","SE.ADT.LITR.ZS","","","","","","","","","","","","","","","","","99.59246","","","","","","","","","","","","","","","","","","","","98.90537","","","","","","","","","","99.01846","","","","","99.38553","","","","","","","",
"South Asia (IDA & IBRD)","TSA","Literacy rate, adult total (% of people ages 15 and above)","SE.ADT.LITR.ZS","","","","","","","","","","","","","","","","36.18579","36.19728","36.85098","37.49674","38.12363","38.73984","38.78821","39.96757","40.61454","41.26079","41.9086","42.55219","43.19914","43.94397","44.69504","45.42505","45.84049","47.10364","48.08159","48.85541","49.64559","50.44213","51.24289","56.131","56.88355","57.65712","58.13345","59.18189","60.06939","60.84138","60.60574","60.81666","61.92105","63.41836","64.12391","65.83157","65.45858","68.32433","68.87437","69.66934","70.27439","70.99704","","",
"Sub-Saharan Africa (IDA & IBRD countries)","TSS","Literacy rate, adult total (% of people ages 15 and above)","SE.ADT.LITR.ZS","","","","","","","","","","","","","","","","","","","","","","","","","49.0381","49.43184","49.78963","50.43524","50.95139","51.54299","52.23015","52.60737","53.08026","53.64322","54.3706","54.64935","55.24401","56.14112","56.76999","57.59091","56.2473","57.18644","57.68504","58.09352","59.97746","59.01526","58.51361","58.06473","57.55084","58.81977","59.18192","60.76259","61.81189","62.31998","63.04676","63.62022","64.35027","","",
"Trinidad and Tobago","TTO","Literacy rate, adult total (% of people ages 15 and above)","SE.ADT.LITR.ZS","","","","","","","","","","","","","","","","","","","","","94.97032","","","","","","","","","","96.93855","","","","","","","","","","","","","","","","","","","","","","","","","","","","",
"Tunisia","TUN","Literacy rate, adult total (% of people ages 15 and above)","SE.ADT.LITR.ZS","","","","","","","","","","","","","","","","","","","","","","","","","48.1907","","","","","","","","","","","","","","","","","","","","74.297","","","77.1904","77.56113","","79.13058","79.65391","80.21875","","79.03643","","","","",
"Turkey","TUR","Literacy rate, adult total (% of people ages 15 and above)","SE.ADT.LITR.ZS","","","","","","","","","","","","","","","","61.62768","","","","","65.69434","","","","","75.9682399999999","","","","","79.23245","","","","","","","","","","","","","","87.3654899999999","88.22906","88.11939","88.6559","","90.81672","92.6606","94.10609","94.9197499999999","95.25666","95.4396299999999","95.60142","96.16733","","",
"Tuvalu","TUV","Literacy rate, adult total (% of people ages 15 and above)","SE.ADT.LITR.ZS","","","","","","","","","","","","","","","","","","","","","","","","","","","","","","","","","","","","","","","","","","","","","","","","","","","","","","","","","","","",
"Tanzania","TZA","Literacy rate, adult total (% of people ages 15 and above)","SE.ADT.LITR.ZS","","","","","","","","","","","","","","","","","","","","","","","","","","","","","59.1138","","","","","","","","","","","","","","69.4308999999999","","","","","","","","67.8007","","78.10059","","","77.88723","","","",
"Uganda","UGA","Literacy rate, adult total (% of people ages 15 and above)","SE.ADT.LITR.ZS","","","","","","","","","","","","","","","","","","","","","","","","","","","","","","","","56.10738","","","","","","","","","","","68.14251","","","","71.37314","","","","73.2118799999999","","70.19822","","","","","","",
"Ukraine","UKR","Literacy rate, adult total (% of people ages 15 and above)","SE.ADT.LITR.ZS","","","","","","","","","","","","","","","","","","","","","","","","","","","","","","","","","","","","","","","","","","99.43041","","","","","","","","","","","99.97435","","","","","","",
"Upper middle income","UMC","Literacy rate, adult total (% of people ages 15 and above)","SE.ADT.LITR.ZS","","","","","","","","","","","","","","","","","69.63019","69.72891","70.53599","71.31293","72.11711","72.88296","73.33067","74.46838","75.36912","76.13986","76.87008","77.56833","80.9611","81.51163","81.5411","82.66897","83.14784","83.61683","84.06761","84.55708","84.99422","89.46058","89.84554","90.16596","90.54035","90.78726","90.96641","91.50942","91.91894","92.24621","92.41738","93.3268","93.56802","93.78637","93.84457","94.1701","94.30538","94.34268","94.55732","94.78283","94.95296","","",
"Uruguay","URY","Literacy rate, adult total (% of people ages 15 and above)","SE.ADT.LITR.ZS","","","","","","","","","","","","","","","","93.86107","","","","","","","","","","95.37998","","","","","","","","","","","96.7818099999999","","","","","","","","","","97.78963","97.86389","98.16356","98.26723","98.07271","98.3359","98.39594","98.36387","98.43593","98.52387","98.56049","98.61572","",
"United States","USA","Literacy rate, adult total (% of people ages 15 and above)","SE.ADT.LITR.ZS","","","","","","","","","","","","","","","","","","","","","","","","","","","","","","","","","","","","","","","","","","","","","","","","","","","","","","","","","","","",
"Uzbekistan","UZB","Literacy rate, adult total (% of people ages 15 and above)","SE.ADT.LITR.ZS","","","","","","","","","","","","","","","","","","","","","","","","","","","","","","","","","","","","","","","","","98.64258","","","","","","","","","","","","","99.99486","99.9805499999999","99.98383","99.98657","","",
"St. Vincent and the Grenadines","VCT","Literacy rate, adult total (% of people ages 15 and above)","SE.ADT.LITR.ZS","","","","","","","","","","","95.63216","","","","","","","","","","","","","","","","","","","","","","","","","","","","","","","","","","","","","","","","","","","","","","","","",
"Venezuela, RB","VEN","Literacy rate, adult total (% of people ages 15 and above)","SE.ADT.LITR.ZS","","","","","","","","","","","","","","","","","","","","","","84.7322","","","","","","","","","89.82525","","","","","","","","","","","92.97983","","","","","","95.15464","","95.51199","","94.77022","","","","96.60522","97.12709","","",
"British Virgin Islands","VGB","Literacy rate, adult total (% of people ages 15 and above)","SE.ADT.LITR.ZS","","","","","","","","","","","","","","","","","","","","","","","","","","","","","","","","","","","","","","","","","","","","","","","","","","","","","","","","","","","",
"Virgin Islands (U.S.)","VIR","Literacy rate, adult total (% of people ages 15 and above)","SE.ADT.LITR.ZS","","","","","","","","","","","","","","","","","","","","","","","","","","","","","","","","","","","","","","","","","","","","","","","","","","","","","","","","","","","",
"Vietnam","VNM","Literacy rate, adult total (% of people ages 15 and above)","SE.ADT.LITR.ZS","","","","","","","","","","","","","","","","","","","","83.82594","","","","","","","","","","87.59645","","","","","","","","","","90.2783","90.15613","","","","","","","","","93.52045","","","","","","","","","",
"Vanuatu","VUT","Literacy rate, adult total (% of people ages 15 and above)","SE.ADT.LITR.ZS","","","","","","","","","","","","","","","","","","","","52.87392","","","","","58.2","","","","","","","","","","68.7","","","","","74","","","","","78.4","","","","","","","","","","84.7","","","","",
"World","WLD","Literacy rate, adult total (% of people ages 15 and above)","SE.ADT.LITR.ZS","","","","","","","","","","","","","","","","","68.89088","69.01872","69.42679","69.82894","70.04151","70.52107","70.90224","71.43196","71.89769","72.31477","72.71471","73.22343","74.75798","75.13745","75.44227","75.98572","76.40811","76.76463","77.1191","77.47595","77.85684","79.81575","81.00499","81.31425","81.48032","81.74314","82.07512","82.56752","83.03863","83.00066","82.99782","83.5107","83.83223","84.14787","84.5641","84.59739","85.36389","85.49051","85.80934","86.01721","86.24776","","",
"Samoa","WSM","Literacy rate, adult total (% of people ages 15 and above)","SE.ADT.LITR.ZS","","","","","","","","","","","","","","","","","","","","","","","","","","","","","","","","97.9443299999999","","","","","","","","","","","","","","","","","","","","98.97326","","","","","","","",
"Kosovo","XKX","Literacy rate, adult total (% of people ages 15 and above)","SE.ADT.LITR.ZS","","","","","","","","","","","","","","","","","","","","","","","","","","","","","","","","","","","","","","","","","","","","","","","","","","","","","","","","","","","",
"Yemen, Rep.","YEM","Literacy rate, adult total (% of people ages 15 and above)","SE.ADT.LITR.ZS","","","","","","","","","","","","","","","","","","","","","","","","","","","","","","","","","","","37.09","","","","","","","","","","54.1","","","","","","","","","","","","","","",
"South Africa","ZAF","Literacy rate, adult total (% of people ages 15 and above)","SE.ADT.LITR.ZS","","","","","","","","","","","","","","","","","","","","","76.20049","","","","","","","","","","","","","","","","82.4021","","","","","","","","","","","88.71725","","92.8948599999999","92.87732","93.10214","93.72947","","94.1399","94.36792","","","",
"Zambia","ZMB","Literacy rate, adult total (% of people ages 15 and above)","SE.ADT.LITR.ZS","","","","","","","","","","","","","","","","","","","","","","","","","","","","","","","64.99826","","","","","","","","","68.00179","","","69.14922","","","","","61.42829","","","83.00767","","","","","","","","",
"Zimbabwe","ZWE","Literacy rate, adult total (% of people ages 15 and above)","SE.ADT.LITR.ZS","","","","","","","","","","","","","","","","","","","","","","","77.7941699999999","","","","","","","","","","83.51258","","","","","","","","","","","","","","","","","","","83.58271","","","88.69342","","","","",
